store_name;unit_sales
www.downtownbmv.com.jp;1162
Super BMV Paris;326
www.downtownbmv.co.de;435
Super BMV Vancouver;530
BMV Dublin;364
BMV Oslo;430
BMV Santos;434
BMV Barreiras;87
BMV Cologne;257
Super BMV New York;299
BMV Hiroshima;576
Super BMV Stockholm;252
BMV Anaheim;854
BMV Brooklyn;697
Super BMV Los Angeles;336
www.downtownbmv.com.au;1886
Super BMV Westwood;331
BMV Perth;240
BMV Buenos Aires;413
Super BMV Sydney;135
BMV Lyon;446
www.downtownbmv.co.uk;1743
Super BMV Munich;257
BMV Osaka;247
www.downtownbmv.com;2160
Super BMV Tokyo;160
Super BMV London;180
